Испански,Български
¡Hola!,Здравей
¡Buenos días!,Добро утро / Добър ден
¡Buenas tardes!,Добър следобед / Добър вечер
¡Buenas noches!,Хубава вечер / Лека нощ
¿Qué tal? /¿Cómo estás?,Как си?
¡Hola! ¿Qué tal?,"Здравей, как си?  "
Sí,Да
No,Не
¿Cómo te llamas?,Как се казваш?
Me llamo...,Казвам се...
Encantado,Очарован съм (мъж)
Encantada,Очарована съм (жена)
Mucho gusto,Много ми е приятно
Estoy (muy) bien / mal,(Много) добре / зле
¿De dónde eres?,Откъде си?
Soy de...,Аз съм от...
gracias,благодаря
muchas gracias,много благодаря
a veces,понякога
nunca,никога
yo,аз
tú,ти
él,той
ella,тя
nosotros,ние (мъжка форма)
nosotras,ние (женска форма)
vosotros,вие (мъжка форма)
vosotras,вие (женска форма)
ellos,те (мъже)
ellas,те (жени)
qué,какво
quién,кой
cero,нула
la calle,улица
el universo,вселена
el todo,всичко
la jarra,кана
el girasol,слънчоглед
la granada,нар
el higo,смокиня
el hijo,син
la hija,дъщеря
la higuera,смокиново дърво
la berenjena,патладжан
el hielo,лед
el helado,сладолед
la almohada,възглавница
la zanahoria,морков
la página,страница
el alfabeto,азбука
los saludos,поздрави
las despedidas,сбогувания
el parque,парк
la biblioteca,библиотека
el cine,кино
el teatro,театър
el supermercado,супермаркет
el banco,банка
el instituto,гимназия
la universidad,университет
la farmacia,аптека
la oficina de correos,поща
la panadería,пекарна
el restaurante,ресторант
la cafetería,кафене
¡Hasta luego!,Довиждане!
¡Hasta pronto!,До скоро!
¡Hasta mañana!,До утре!
¡Hasta la próxima!,До следващия път!
el extranjero,чужденец
la extranjera,чужденка
la guerra,война
la máquina,машина
el centro,център
Venezuela,Венецуела
la semilla,семка
la cerveza,бира
la cita,среща
Argentina,Аржентина
Bélgica,Белгия
el toro,бик
la chuqueva,чесън
la cortina,завеса
la silla,стол
la ventana,прозорец
la puerta,врата
perro,куче
pera,круша
la tarjeta,"карта, билет  "
la tarjeta postal,пощенска картичка
el bolso,"чанта, дамска чанта  "
el éxito,успех
¡Suerte!,Късмет!
la mochila,раница
la chaqueta,"яке, сако  "
la chupa,кожено яке
la mesa,маса
la casa,къща
el cuarto de baño,баня
el servicio,тоалетна (учтиво)
¿Dónde está el servicio?,Къде е тоалетната?
el vaso,стъклена чаша
la copa,чаша за вино
el vino tinto,червено вино
el vino negro,тъмно вино
el vino blanco,бяло вино
el vino rosado,розе
el café corto,късо кафе
con leche,с мляко
sin leche,без мляко
la leche negra,черно мляко
el té negro,черен чай
el té verde,зелен чай
el té rojo,червен чай
las infusiones,билкови запарки
la manzanilla,лайков чай
el vermú casero,домашен вермут
el chocolate,шоколад
el caramelo,бонбон за смучене
el bombón de chocolate,шоколадов бонбон
la barra de chocolate,шоколадов блок
la barrita de chocolate,шоколадово барче
el chocolate caliente,топъл шоколад
¡Bienvenidos!,Добре дошли!
¿Cómo se dice...?,Как се казва...?
se dice,Казва се
¿Cómo se escribe...?,Как се пише...?
el Día de la Hispanidad,Ден на испаноговорящия свят
el jengibre,джинджифил
la paella,паеля
la tortilla,тортила
¿Tienes preguntas?,Имаш ли въпроси?
¿Preguntas?,Въпроси?
No tenemos preguntas,Нямаме въпроси
"Sí, tenemos preguntas",Имаме въпроси
el género,род (граматика)
el masculino,мъжки род
el femenino,женски род
Gran Bretaña,Великобритания
el Reino Unido,Обединено кралство
el Reino de España,Кралство Испания
los Países Bajos,Нидерландия
Nicaragua,Никарагуа
nicaragüense,никарагуанец / никарагуанка (не се променя по род)
Jesús,Исус
Pakistán,Пакистан
pakistaní,пакистанец / пакистанка
Irán,Иран
Marruecos,Мароко
marroquí,мароканец / мароканка
belga,белгиец / белгийка (не се променя по род)
Dinamarca,Дания
danés / danesa,датчанин / датчанка
Polonia,Полша
polaco / polaca,поляк / полякиня
Turquía,Турция
turco / turca,турчин / туркиня
Rusia,Русия
ruso / rusa,руснак / рускиня
Colombia,Колумбия
colombiano / colombiana,колумбиец / колумбийка
Chile,Чили
chileno / chilena,чилиец / чилийка
Perú,Перу
peruano / peruana,перуанец / перуанка
Costa Rica,Коста Рика
costarricense,костариканец / костариканка (не се променя по род)
el niño/el muchacho,момче
la niña,момиче
el kiwi,киви
la cebolla,лук
el coche,кола
el libro,книга
la química,химия
el zapato,обувка
le gesto,жест
el petiso,кокиче
la jirafa,жираф
le jana,яна
la bendición,благословия
el merengue,"пенлив крем, захарна целувка  "
el beso,целувка
la salud,здраве
la despedida,сбогуване
el cuarto,стая
la construcción,конструкция
el padre,баща
la madre,майка
el estudiante,студент
la estudiante,студентка
el pianista,пианист
la pianista,пианистка
el mar,море
la mar,море (поетично)
el azúcar,захар
la azúcar,захар (поетично)
los coches,коли
las casas,къщи
la botella,бутилка
las botellas,бутилки
los mares,морета
el francés,"французин, френски  "
los franceses,французи
las universidades,университети
marroquíes,мароканци
Líbano,Ливан
libanés / libanesa,ливанец / ливанка
Ginebra,Женева
niño,дете
niña,малко момиче
nono,глезльо
un,един (мъжки род)
una,една (женски род)
unos,няколко (мъжки род)  (използва се за неопределен брой)
unas,няколко (женски род)
la cinta,лента
las cintas,ленти
la taza,чаша
las tazas,чаши
los relojes,часовници
los muchachos,момчета
la cama,легло
las camas,легла
el teléfono,телефон
los teléfonos,телефони
la luna,луна
las lunas,луни
las mesas,маси
el tenedor,вилица
los tenedores,вилици
la cuchara,лъжица
las cucharas,лъжици
el cuchillo,нож
los cuchillos,ножове
la cereza,череша
las cerezas,череши
el bolígrafo,химикал
los bolígrafos,химикали
la pluma,"писалка, перо  "
las plumas,"писалки, пера  "
el lápiz,молив
los lápices,моливи
el pen (inglés),USB флашка
los pens,USB флашки
los vasos,стъклени чаши
el sol,слънце
los soles,слънца
el cielo,небе
los cielos,небеса
la estrella,звезда
las estrellas,звезди
la llave,ключ
las llaves,ключове
la columna,колона
las columnas,колони
la flor,цвете
las flores,цветя
el bolígrafo (разговорно),el boli (разговорно за химикал)
la televisión,телевизия
la bici (разговорно),колело
el cumpleaños,рожден ден
los cumpleaños,рожденни дни
el pingüino,пингвин
los pingüinos,пингвини
el acento,ударение / акцент
adiós,довиждане
las televisiones,телевизии
el reloj,часовник
español,испански
el hospital,болница
el portátil,лаптоп
el ordenador,компютър
el agua,вода
las aguas,води
el águila,орел
las águilas,орли
la nube,облак
las nubes,облаци
el ojo,око
los ojos,очи
qué + sustantivo,"какъв, каква, какво (съществително)  "
cómo,как
cómo + verbo,как (с глагол)
dónde,къде
donde,където
usted,вие (учтива форма)
ustedes,"вие (множествено, учтива форма)  "
ser,да бъда /глагол
yo soy,аз съм
tú eres,ти си
él/ella/usted es,той/тя/Вие е
nosotros/nosotras somos,ние сме
vosotros/vosotras sois,вие сте
ellos/ellas/ustedes son,те/Вие (мн.ч.) са
las profesiones,професии
el negocio,бизнес
el analizador financiero,финансов анализатор
el funcionario,държавен служител
el bibliotecario,библиотекар
el abogado,адвокат
el consultante,консултант
el consejal,общински съветник
el consejero,съветник
la azafata,стюардеса
el músico,музикант
la música,музика
el laborante,медицински лаборант
el contable,счетоводител
la contabilidad,счетоводство
el/la programista,програмист
el ingeniero,инженер
el pintor,"художник, бояджия  "
el peluquero,фризьор
el poeta / la poetisa,поет / поетеса
el doctor / la doctora,доктор
el/la contento,"щастлив, доволен  "
y,и  /Предлог
en,"в, на  /Предлог"
de,от  /Предлог
pero,но  /Предлог
con,с  /Предлог
sin,без  /Предлог
alemán,германец
alemana,германка
alemanes,германци
francés,французин
francesa,французойка
ingeniero,инженер (мъж)
ingeniera,инженер (жена)
e,"и (използва се пред думи, започващи с ""i"" или ""hi"")  "
agua e hielo,вода и лед
¿Vino italiano o español?,Италианско или испанско вино?
el hombre,мъж
la mujer,жена
vivir,живея/глагол
yo vivo,аз живея
tú vives,ти живееш
él / ella / usted vive,той / тя / Вие живее
nosotros / nosotras vivimos,ние живеем
vosotros / vosotras vivís,вие живеете
ellos / ellas / ustedes viven,те / Вие (мн.ч.) живеят
llamarse,казвам се - възвратен глагол
yo me llamo,аз се казвам
tú te llamas,ти се казваш
él / ella / usted se llama,той / тя / Вие се казва
nosotros / nosotras nos llamamos,ние се казваме
vosotros / vosotras os llamáis,вие се казвате
ellos / ellas / ustedes se llaman,те / Вие (мн.ч.) се казват
llamar,"обаждам се, викам-възвратен глагол"
yo llamo,аз викам
tú llamas,ти викаш
él / ella / usted llama,той / тя / Вие вика
nosotros / nosotras llamamos,ние викаме
vosotros / vosotras llamáis,вие викате
ellos / ellas / ustedes llaman,те / Вие (мн.ч.) викат
comer,"ям, обядвам/глагол"
yo como,аз ям
tú comes,ти ядеш
él / ella / usted come,той / тя / Вие яде
nosotros / nosotras comemos,ние ядем
vosotros / vosotras coméis,вие ядете
ellos / ellas / ustedes comen,те / Вие (мн.ч.) ядат
trabajar,(работя/глагол
yo trabajo,аз работя
tú trabajas,ти работиш
él / ella / usted trabaja,той / тя / Вие работи
nosotros / nosotras trabajamos,ние работим
vosotros / vosotras trabajáis,вие работите
ellos / ellas / ustedes trabajan,те / Вие (мн.ч.) работят
estudiar,уча/глагол
yo estudio,аз уча
tú estudias,ти учиш
él / ella / usted estudia,той / тя / Вие учи
nosotros / nosotras estudiamos,ние учим
vosotros / vosotras estudiáis,вие учите
ellos / ellas / ustedes estudian,те / Вие (мн.ч.) учат
cantar,пея/глагол
yo canto,аз пея
tú cantas,ти пееш
él / ella / usted canta,той / тя / Вие пее
nosotros / nosotras cantamos,ние пеем
vosotros / vosotras cantáis,вие пеете
ellos / ellas / ustedes cantan,те / Вие (мн.ч.) пеят
hablar,говоря/глагол
yo hablo,аз говоря
tú hablas,ти говориш
él / ella / usted habla,той / тя / Вие говори
nosotros / nosotras hablamos,ние говорим
vosotros / vosotras habláis,вие говорите
ellos / ellas / ustedes hablan,те / Вие (мн.ч.) говорят
beber,пия/глагол
yo bebo,аз пия
tú bebes,ти пиеш
él / ella / usted bebe,той / тя / Вие пие
nosotros / nosotras bebemos,ние пием
vosotros / vosotras bebéis,вие пиете
ellos / ellas / ustedes beben,те / Вие (мн.ч.) пият
comprender,разбирам/глагол
yo comprendo,аз разбирам
tú comprendes,ти разбираш
él / ella / usted comprende,той / тя / Вие разбира
nosotros / nosotras comprendemos,ние разбираме
vosotros / vosotras comprendéis,вие разбирате
ellos / ellas / ustedes comprenden,те / Вие (мн.ч.) разбират
saber,"зная, умея/глагол"
yo sé,аз знам
tú sabes,ти знаеш
él / ella / usted sabe,той / тя / Вие знае
nosotros / nosotras sabemos,ние знаем
vosotros / vosotras sabéis,вие знаете
ellos / ellas / ustedes saben,те / Вие (мн.ч.) знаят
leer,чета/глагол
yo leo,аз чета
tú lees,ти четеш
él / ella / usted lee,той / тя / Вие чете
nosotros / nosotras leemos,ние четем
vosotros / vosotras leéis,вие четете
ellos / ellas / ustedes leen,те / Вие (мн.ч.) четат
escribir,пиша/глагол
yo escribo,аз пиша
tú escribes,ти пишеш
él / ella / usted escribe,той / тя / Вие пише
nosotros / nosotras escribimos,ние пишем
vosotros / vosotras escribís,вие пишете
ellos / ellas / ustedes escriben,те / Вие (мн.ч.) пишат
abrir,отварям/глагол
yo abro,аз отварям
tú abres,ти отваряш
él / ella / usted abre,той / тя / Вие отваря
nosotros / nosotras abrimos,ние отваряме
vosotros / vosotras abrís,вие отваряте
ellos / ellas / ustedes abren,те / Вие (мн.ч.) отварят
subir,"качвам се, изкачвам се, повишавам се/глагол"
yo subo,аз се качвам
tú subes,ти се качваш
él / ella / usted sube,той / тя / Вие се качва
nosotros / nosotras subimos,ние се качваме
vosotros / vosotras subís,вие се качвате
ellos / ellas / ustedes suben,те / Вие (мн.ч.) се качват
tener,имам /неправилен глагол
yo tengo,аз имам
tú tienes,ти имаш
él / ella / usted tiene,той / тя / Вие има
nosotros / nosotras tenemos,ние имаме
vosotros / vosotras tenéis,вие имате
ellos / ellas / ustedes tienen,те / Вие (мн.ч.) имат
tener frío,студено ми е
tener calor,топло ми е
tener sed,жаден съм
tener hambre,гладен съм
tener años,на ... години съм
el frío,студ
el calor,"горещина, топлина  "
la sed,жажда
el hambre,глад (женски род)
el año,година
el mes,месец
uno  ,1
dos  ,2
tres  ,3
cuatro  ,4
cinco  ,5
seis  ,6
siete  ,7
ocho  ,8
nueve  ,9
diez  ,10
once  ,11
doce  ,12
trece  ,13
catorce  ,14
quince  ,15
dieciséis  ,16
diecisiete  ,17
dieciocho  ,18
diecinueve  ,19
veinte  ,20
veintiuno  ,21
veintidós  ,22
veintitrés  ,23
veinticuatro  ,24
veinticinco  ,25
veintiséis  ,26
veintisiete  ,27
veintiocho  ,28
veintinueve  ,29
treinta  ,30
treinta y uno  ,31
treinta y dos  ,32
cuarenta  ,40
cincuenta  ,50
sesenta  ,60
setenta  ,70
ochenta  ,80
noventa  ,90
cien  ,100
el gimnasio,фитнес
el colegio (el cole),основно училище
el bachillerato,11-12 клас училище (еквивалент)
el hotel (hotá),хотел
el hostal (hóstel),хостел
el taller,"ателиe на художник, място за работа  "
el periódico,вестник
la revista,списание
la empresa,фирма
el despacho,"кантора, офис  "
la agencia,агенция
el bufete de abogados / notarial,кантора на адвокати / нотариус
la publicidad,реклама
el viaje,пътуване
el viajero,пътешественик
la tienda,магазин
el mercado,пазар
la escuela,"основно училище, гимназия, школа  "
la página web,интернет страница
el juego,игра
ver,"гледам - телевизия, филм/глагол"
yo veo,аз гледам
tú ves,ти гледаш
él / ella / usted ve,той / тя / Вие гледа
nosotros / nosotras vemos,ние гледаме
vosotros / vosotras veis,вие гледате
ellos / ellas / ustedes ven,те / Вие (мн.ч.) гледат
asistir,присъствам на нещо
aprender,"уча, научавам  "
la atención,внимание
viajar,пътувам
viajo de Sofía a Barcelona,пътувам от София до Барселона
la radio,радио
bailar,танцувам
favorito,любим
el baile,танц
la cuenta,сметка
el cuento,"разказ, приказка  "
cuentos de hadas,вълшебни приказки
ayudar,помагам
esquiar,карам ски
la sopa,супа
agotado,"изтощен, изморен  "
a,"към, на, до  "
viajo a Buenos Aires,пътувам за Буенос Айрес
viajo a la playa,пътувам за плажа
viajo de Bruselas a Sofía,пътувам от Брюксел за София
café sin azúcar y sin leche,кафе без захар и без мляко
café con azúcar y leche,кафе със захар и мляко
la canela,канела
levantarse,"ставам, изправям се - възвратен глагол"
yo me levanto,аз ставам
tú te levantas,ти ставаш
él / ella / usted se levanta,той / тя / Вие става
nosotros / nosotras nos levantamos,ние ставаме
vosotros / vosotras os levantáis,вие ставате
ellos / ellas / ustedes se levantan,те / Вие (мн.ч.) стават
estar,"съм - за състояние, местоположение/глагол"
yo estoy,аз съм  /състояние
tú estás,ти си  //състояние
él / ella / usted está,той / тя / Вие е  /състояние
nosotros / nosotras estamos,ние сме  /състояние
vosotros / vosotras estáis,вие сте  /състояние
ellos / ellas / ustedes están,те / Вие (мн.ч.) са  /състояние
feliz,щастлив
felices,щастливи
alegre,весел
triste,тъжен
"cansado, -a","уморен, -а  "
"contento, -a","доволен, -а  "
"descontento, -a","недоволен, -а  "
"disgustado, -a","отвратен, -а  "
estar de mal humor,в лошо настроение
estar de buen humor,в добро настроение
"cabreado, -a con",ядосан на
"mosqueado, -a",раздразнен
"enojado, -a",ядосан
"enfadado, -a",сърдит
la sorpresa,изненада
"sorprendido, -a","изненадан, -а  "
"confundido, -a","объркан, -а  "
"estar enamorado, -a de",влюбен съм в
"estar encantado, -a",очарован съм
maravillado,възхитен
"atónito, -a",зашеметен
los géneros,родовете (в граматиката)
el futuro,бъдеще
"futuro, -a",бъдещ
igual,"същият, еднакъв  "
igualmente,също
más,(плюс)
menos ,(минус)
por,(по)  умножение
entre,(делено на)
igual a ,(равно на)
querer,"искам, обичам/глагол"
yo quiero,аз искам
tú quieres,ти искаш
él / ella / usted quiere,той / тя / Вие иска
nosotros / nosotras queremos,ние искаме
vosotros / vosotras queréis,вие искате
ellos / ellas / ustedes quieren,те / Вие (мн.ч.) искат
¡Te quiero!,Обичам те!
Quiero aprender español,Искам да уча испански
¿Por qué quieres aprender español?,Защо искаш да учиш испански?
la comida,храна
el clima,климат
fin de semana,уикенд (почивни дни)
la vida nocturna,нощен живот
la naturaleza,природа
el pueblo,село
las ciudades,градове
ir,отивам /глагол
yo voy,аз отивам
tú vas,ти отиваш
él / ella / usted va,той / тя / Вие отива
nosotros / nosotras vamos,ние отиваме
vosotros / vosotras vais,вие отивате
ellos / ellas / ustedes van,те / Вие (мн.ч.) отиват
¡Vamos!,Хайде!
ir al cine,отивам на кино
volver,връщам се
volver del instituto,връщам се от института
volver del cine,връщам се от киното
cose,нещо
la lista,списък
exposición,изложба
papel,хартия
sellar,печатам
carnet,"бележник, лична карта  "
videojuegos,видеоигри
excursión,екскурзия
salir,излизам /глагол
yo salgo,аз излизам
tú sales,ти излизаш
él / ella / usted sale,той / тя / Вие излизат
nosotros / nosotras salimos,ние излизаме
vosotros / vosotras salís,вие излизате
ellos / ellas / ustedes salen,те / Вие (мн.ч.) излизат
jugar,играя/глагол
yo juego,аз играя
tú juegas,ти играеш
él / ella / usted juega,той / тя / Вие играят
nosotros / nosotras jugamos,ние играем
vosotros / vosotras jugáis,вие играете
ellos / ellas / ustedes juegan,те / Вие (мн.ч.) играят
de compras,на пазар
de excursión,на екскурзия
de vacaciones,на ваканция
el juguete,играчка
el recreo,междучасие
la pausa,паузa
jugar al tenis,играя тенис
jugar al fútbol,играя футбол
hacer,правя/глагол
yo hago,аз правя
tú haces,ти правиш
él/ella hace,той/тя прави
nosotros/nosotras hacemos,ние правим
vosotros/vosotras hacéis,вие правите
ellos/ellas hacen,те правят
chatear,чатя
la tarea,домашна работа
conmigo,с мен
vale,добре
la película,филм
la serie,сериал
la telenovela,сапунена опера
la novela,роман
el diario,дневник
volver de,връщам се от  /глагол
vuelvo,аз се връщам
vuelves,ти се връщаш
vuelve,той/тя се връща
volvemos,ние се връщаме
volvéis,вие се връщате
vuelven,те се връщат
el poder,власт
poder,мога/глагал
puedo,аз мога
puedes,ти можеш
puede,той/тя може
podemos,ние можем
podéis,вие можете
pueden,те могат
empezar,започвам/глагол
empiezo,аз започвам
empiezas,ти започваш
empieza,той/тя започва
empezamos,ние започваме
empezáis,вие започвате
empiezan,те започват
comenzar,започвам/глагол
comienzo,аз започвам
comienzas,ти започваш
comienza,той/тя започва
comenzamos,ние започваме
comenzáis,вие започвате
comienzan,те започват
la hora,час
el minuto,минута
el segundo,секунда
por favor,моля
¡gracias!,благодаря!
¡a ti!,на теб!
de nada (nuevo),няма защо (нов вариант)
pasear,разхождам се
el paseo,разходка
pasear por el parque,разхождам се в парка
ir de compras,отивам на пазар
ir de vacaciones,отивам на почивка
ir de excursión,отивам на екскурзия
ir de viaje,отивам на пътешествие
ir a la playa,отивам на плаж
ir al teatro,отивам на театър
ir a la montaña,отивам в планината
ir al parque,отивам в парка
salir a cenar,излизам на вечеря
salir de noche,излизам вечер
salir con amigos,излизам с приятели
aprender a cocinar,научавам се да готвя
cocinar,готвя
mezclar,смесвам
secar fotos,суша снимки
escuchar podcast,слушам подкаст
interesarse por la política,интересувам се от политика
la gente,хора
la ropa,дрехи
el dinero,пари
la tienda de ropa,магазин за дрехи
el arte,изкуство
las artes,изящни изкуства
divertido/a,забавен/а
tocar,"свиря (на музикален инструмент), докосвам  "
tocar el piano,свиря на пиано
tocar la guitarra,свиря на китара
tocar el violín,свиря на цигулка
mejorar,подобрявам
el ocio,свободно време
desconocido/a,непознат
lugar de nacimiento,място на раждане
madre y padres,майка и родители
abuelo y abuelos,дядо и баби/дядовци
abuela,баба
hijo y hijos,син и деца
tío y tíos,чичо/вуйчо и чичовци/вуйчовци
tía,леля
hermano y hermanos,брат и братя
hermana,сестра
primo y primos,братовчед и братовчеди
prima,братовчедка
sobrino y sobrinos,племенник и племенници
sobrina,племенница
cisne,лебед
la luz,светлина
gustar,харесва ми (безличен глагол)
A mí me gusta(n),на мен ми харесва
A ti te gusta(n),на теб ти харесва
A él/ella/usted le gusta(n),на него/нея/вас (учтива форма) му/ѝ харесва
A nosotros/nosotras nos gusta(n),на нас ни харесва
A vosotros/vosotras os gusta(n),на вас ви харесва
A ellos/ellas/ustedes les gusta(n),на тях/вас (мн.ч.) им харесва
encantar,обожавам (безличен глагол)
A mí me encanta(n),на мен ми харесва много
A ti te encanta(n),на теб ти харесва много
A él/ella/usted le encanta(n),на него/нея/вас (учтива форма) му/ѝ харесва много
A nosotros/nosotras nos encanta(n),на нас ни харесва много
A vosotros/vosotras os encanta(n),на вас ви харесва много
A ellos/ellas/ustedes les encanta(n),на тях/вас (мн.ч.) им харесва много
los idiomas,езици
la lengua = el idioma,език
el abrazo,прегръдка
todos los deportes,всички спортове
la esperanza,надежда
esperar,"чакам, очаквам  "
el mensaje,съобщение
sobre todo,преди всичко
conozco,аз познавам
conoces,ти познаваш
conoce,той/тя познава
conocemos,ние познаваме
conocéis,вие познавате
conocen,те познават
los posesivos,притежателни местоимения
mi,"мой, моя, мое  "
tu,"твой, твоя, твое  "
su,"негов, неин, Ваш  "
mis,мои
tus,твои
sus,"негови, нейни, Ваши  "
"nuestro, nuestra","наш, наша  "
"nuestros, nuestras","наши (м.р., ж.р.)  "
"vuestro, vuestra","ваш, ваша  "
"vuestros, vuestras","ваши (м.р., ж.р.)  "
mi casa,моята къща
mi bolígrafo,моето химикалче
mis casas,моите къщи
mis bolígrafos,моите химикалки
tu coche,твоята кола
tus coches,твоите коли
su libro,неговата/нейната книга
sus libros,неговите/нейните книги
nuestro coche,нашата кола (в мъжки род → nuestros coches)
nuestra casa,нашата къща (в женски род → nuestras casas)
vuestro perro,вашето куче
vuestra casa,вашата къща
vuestros amigos,вашите приятели
vuestras amigas,вашите приятелки
el texto,текст
para + infinitivo,за да (с инфинитив)
por + sustantivo (nombre),заради (съществително)
porque + verbo conjugado,защото (спрегнат глагол)
bastante,"доста, достатъчно  "
bastante sociable,доста общителен
el/la cortes/ponsel,"учтивост, вежливост  "
quizás,може би
el lugar,място
el sitio,място  за сядане
la presión,"стрес, натиск  "
seguir,"продължавам, следвам /глагол"
sigo,аз продължавам
sigues,ти продължаваш
sigue,той/тя продължава
seguimos,ние продължаваме
seguís,вие продължавате
siguen,те продължават
el paisaje,пейзаж
retratar personas,правя портрет на хора
el retrato,портрет
el principio,в началото
en principio,по принцип
más bien,по-скоро
tímido/a,срамежлив/а
después,"след, после  "
hablador/a,разговорлив/а
aburrido/a,"скучен/а, отегчителен/а  "
eso,това
tomar,взимам (за храна и напитки)
ahora mismo,"сега в момента, ей сега  "
la aventura,приключение
aventurero/a,приключенец/ка
el riesgo,риск
el deporte de riesgo,екстремен спорт
el parapente,парапланер
el puente,мост
los deportes acuáticos,водни спортове
siento,аз усещам
sientes,ти усещаш
siente,той/тя усеща
sentimos,ние усещаме
sentís,вие усещате
sienten,те усещат
No siento nada,не усещам нищо
por eso,"заради това, по тази причина  "
el gusto,"вкус, предпочитание  "
el sabor,вкус на храна
sabe a...,има вкус на...
música alegre,весела музика
últimamente,напоследък
en vivo,на живо (предаване)
la vida,живот
los villancicos,коледни песни
la Navidad,Коледа
navideño/a,коледен/а
mientras + verbo,докато
durante + sustantivo,по време на (съществително)
el género musical,музикален жанр
la edad,възраст
en todas partes,навсякъде
el marido = el esposo,съпруг
la esposa,съпруга
"el nieto, la nieta","внук, внучка  "
los nietos,внуци
"el tío, la tía","чичо/вуйчо, леля/вуйна  "
los tíos,чичовци/вуйчовци
"el primo, la prima","братовчед, братовчедка  "
los primos,братовчеди
"el sobrino, la sobrina","племенник, племенница  "
los sobrinos,племенници
"el viudo, la viuda","вдовец, вдовица  "
el soltero,ерген
la soltera,неомъжена жена
estar divorciado/a,разведен/а
divorciarse de,развеждам се с
casarse con,омъжвам се/женя се за
estar casado/a,"женен, омъжена  "
parecer,"струва ми се, изглежда ми  "
me parece (que),струва ми се (че)
te parece,струва ти се
le parece,струва му/ѝ се
nos parece,струва ни се
os parece,струва ви се
les parece,струва им се
¿Cómo es...?,"Какъв е, каква е...?  (Изисква описание на характера)  "
guapo/a,хубав/а (за външен вид)
feo/a,грозен/а
alto/a,висок/а
bajo/a,нисък/а
delgado/a,слаб
gordo/a,дебел
tiene el pelo...,има коса...
liso,права
rizado/a,къдрава
castaño/a,кестенява
calvo/a,плешив
abierto/a,"отворен/а, общителен/а  "
cerrado/a,"затворен/а, необщителен/а  "
extrovertido/a,екстроверт
introvertido/a,интроверт
**ser abierto**,по характер е открит
**ser cerrado**,по характер е затворен
**estar abierto**,(за предмет) отворен
**estar cerrado**,(за предмет) затворен
serio/a,сериозен/а
¿En serio?,Наистина ли?
simpático/a,симпатичен/на
ser listo/a,умен/на
estar listo/a,"готов/а (облечен, подготвен)  "
agradable,приятен
desagradable,неприятен
reír,смея се  /глагол
río,аз се смея
ríes,ти се смееш
ríe,той/тя се смее
reímos,ние се смеем
reís,вие се смеете
ríen,те се смеят
las estaciones,сезони
la primavera,пролет
el verano,лято
el otoño,есен
el invierno,зима
el comportamiento,поведение
disfrutar,наслаждавам се
ir con toda la familia,пътувам с цялото семейство
vacaciones familiares,семейна почивка
una familia grande,голямо семейство
mi gran familia,моето голямо семейство
¿Cómo eres?,Какъв/каква си?
la cabeza,глава
el pelo,коса
la cara,лице
la nariz,нос
las cejas,вежди
las pestañas,мигли
las mejillas,бузи
los labios,устни
la boca,уста
el bigote,мустак
la barba,брада
las orejas,уши
los pendientes = los aretes,обеци
el oro,злато
la barbilla = el mentón,брадичка
la frente,чело
el frente,фронт (фронтова линия)
Tengo el pelo rubio,имам руса коса
Tengo los ojos azules,имам сини очи
Tengo el pelo largo,имам дълга коса
Mis ojos son azules,очите ми са сини
Los ojos de mi hijo son marrones,очите на сина ми са кафяви
Tu pelo es negro,косата ти е черна
pelo liso,права коса
ondulado,вълниста коса
rizado,къдрава коса
nadador/a,"плувец, плувкиня  "
nadar,плувам
la natación,плуване
la orquesta,оркестър
director de orquesta,диригент на оркестър
el director de cine,режисьор
adelgazar,отслабвам
engordar,напълнявам
a través de,"чрез, през  "
a través de la música,чрез музиката
apasionado/a,"страстен, отдаден  "
la persona,човек
(esto) me suena,това ми звучи познато
(esto) mola,"харесва ми, готино е  "
lento/a,"бавен, бавно  "
(esto) no me suena pero nada,това изобщо не ми звучи познато
es otra onda que la mía,различно е от моите вкусове (това е друга вълна от моята)
ochentero/a,"музика от 80-те, осемдесетарски стил  "
o sea,тоест
entonces,тогава
cincuentero/a,музика от 50-те години
a lo mejor,може би
la calma,спокойствие
calmado/a,спокоен/а
amable,"мил, учтив  "
variado/a,"различен, разнообразен  "
reflexivo/a,"замислен, разсъждаващ  "
incluso,включително
sensual,чувствен
sensible,чувствителен
razonable,разумен
inteligente,интелигентен/на
una mujer más que una chica,"по-скоро жена, отколкото момиче  "
al mismo tiempo,в същото време
solitario/a,самотен/на (по избор)
estar solo,сам съм
los alimentos,хранителни продукти
la huerta,зеленчукова градина
el jardín,цветна градина
las verduras,зеленчуци (като цяло)
los hortalizas,зеленчуци
el tomate,домат
el pepino,краставица
el pimiento,чушка
la lechuga,маруля
la calabaza,тиква
el calabacín,тиквичка
la remolacha,червено цвекло
el rabanillo,репичка
el rábano,ряпа
el perejil,магданоз
el hinojo,копър
el ajo,чесън
la cebolleta = la cebolla de primavera,пресен лук
la patata = la papa,картоф
la seta,гъба
el champiñón,манатарка
el refresco,разхладителна напитка
agua con gas,вода с газ
una gaseosa,газирана вода
la horchata,оризова млечна вода
carnes y embutidos,месо и колбаси
el pollo,"пиле, пилешко  "
el cerdo,"свиня, свинско месо  "
el ternero → ternera (tenera),телешко
carne de cerdo,свинско месо
el cordero,"агне, агнешко  "
el pavo,"пуйка, пуешко  "
pavo real,паун
las salchichas,кренвирши
el jamón,шунка
jamón de york,варена шунка
el fuet,сушено месо
vegetariano/a,вегетарианец
carne picada,кайма
la morcilla,кървавица (месо)
la sobrasada,"месен пастет (мек колбас, неферментирал)  "
el pez,жива риба
el pescado,риба за готвене и ядене
los mariscos,морски дарове
la trucha,пъстърва
la merluza,хек
la tiburón,акула
el salmón,сьомга
el atún,риба тон
la caballa,скумрия
la lubina,лаврак
la dorada,ципура
la ballena,кит
la foca,тюлен (seal)
la sardina,сардина
los boquerones,аншоа (аншоови)
los langostinos,кралски скариди
la langosta,омар
el pulpo,октопод
el cangrejo,рак
los mejillones,миди
los calamares,калмари
la sepia,сепия (вид калмар)
cereales y legumbres,зърнени и бобови
el trigo,пшеница
el maíz,царевица
el arroz,ориз
la harina,брашно
los fideos,макарони
la avena,овес
el codoce,ечемик
el centeno,ръж
el trigo sarraceno,елда
las lentejas,леща
el pan integral,пълнозърнест хляб
la mezcla,смес
los guisantes,грах
los frijoles = las judías,боб
queso curado,зряло сирене
queso semicurado,полу-зряло сирене
queso fresco,прясно сирене
queso manchego,сирене от Ла Манча
el membrillo,"дюля, сладко от дюли  "
la mermelada,сладко
el alba,зоря
las frutas,плодове
piña,ананас
albaricoque,кайсия
melón,пъпеш
melocotón,праскова
sandía,диня
uva,грозде
fresa,ягода
frambuesa,малина
mora,"къпина, къпини  "
arándano,боровинка
el aceite,масло (олио)
el aceite de oliva,зехтин
el aceite de girasol,слънчогледово олио
aceituna,маслина
la mantequilla,краве масло
la sal,сол
pimienta,пипер
pimienta negra,черен пипер
los dátiles,фурми
el huevo,яйце
frutas secas,сушени плодове
las pasas,стафиди
frutos secos,ядки
la almendra,бадем
la avellana,лешник
la nuez,орех
el nogal,орехово дърво
el maní = cacahuete,фъстък
el anacardo,кашу
el pistacho,шамфъстък
el aguacate,авокадо
maduro,зрял
crudo,суров
cocido,"сготвен, сварен  "
frito,пържен
asar,пека
a la parrilla,на скара
el horno,фурна
salteado,сотиране
el vapor,на пара
la cacerola = la olla,тенджера
la sartén,тиган
el recipiente para horno,поставен съд за фурна
el bol,"купа, купичка  "
el plato,чиния
pelar,обелвам
cortar,"режа, изрязвам  "
romper,чупя
vaso roto,счупена чаша
huevo duro,твърдо сварено яйце
huevos revueltos,бъркани яйца
**El bocadillo de pollo lleva...** ,(Сандвичът с пиле съдържа...)
que lleva,какво съдържа
entero/a,"цяло, пълно  "
las espinacas,спанак
pedir,поръчвам в ресторант/глагол
pido,аз поръчвам
pides,ти поръчваш
pide,той/тя поръчва
pedimos,ние поръчваме
pedís,вие поръчвате
piden,те поръчват
Yo quiero pedir...,Искам да поръчам...
Para mí...,За мен...
¿Cuánto es? = ¿Cuánto cuesta?,Колко струва?
la propina,бакшиш
el cambio,ресто
el fideo,юфка
desear,желая
A mí,на мен
A ti,на теб
A él,на него
A ella,на нея
"A nosotros, A nosotras  ",на нас
"A vosotros, A vosotras  ",на вас
"A ellos, A ellas  ",на тях
mismo/a,"същият, един и същ, общ  "
aguas termales,минерални води
fundar,основавам
el habitante,жител
la calidad,качество
el seguro,застраховка
seguridad social,социални осигуровки
las armas,оръжия
la moneda,валута
el alrededor,"околност, местоположение  "
permitir,позволявам
el permiso,разрешение
¡Permiso!,Извинете!
llegar,"стигам, пристигам  "
el campo,"провинция, извън града  "
una casa en el campo,къща в провинцията
alrededores,около
en los alrededores de...,в околностите на...
alrededor de la casa hay un jardín,около къщата има градина
como toque una propina,ако дам бакшиш
La Tierra gira alrededor del sol,Земята се върти около Слънцето
arena,"пясък, пясъци  "
valle,долина
hasta,"до, чак до  "
el país,държава
después de,след
Nosotros te llamamos,Ние ти звъним
Te llamo después,Ще ти се обадя по-късно
luego,после
yo te llamo,аз ти звъня
el sur,юг
el norte,север
el este,изток
el oeste,запад
sudeste,югоизток
noreste,североизток
noroeste,северозапад
casi nunca,почти никога
el castillo,замък
la roca,скала
la piedra,камък
los restos,останки
restos humanos,човешки останки
el edificio,сграда
o demás,освен това
la población,население
el siglo,век
el casco antiguo,"старият град, историческият център  "
mundo,свят
peregrinos,поклонници
codo,"лакът, извивка  "
el punto,точка
el punto final,крайна точка (пряка и преносна)
existir,съществувам
la existencia,съществуване
poblado,населен
peregrinaje,поклонение
reconocer,признавам /глагол
yo reconozco  ,аз признавам
tú reconoces  ,ти признаваш
él/ella reconoce  ,той /тя /вие признавате
nosotros/as reconocemos  ,ние признаваме
vosotros/as reconocéis  ,вие призвавате
ellos/as reconocen  ,те признават
reconocimiento,признание
el capital,икономически капитал
ciento uno,101
ciento dos  ,102
ciento veintitrés  ,123
doscientos uno  ,201
doscientos cincuenta y siete  ,257
cien  ,100
doscientos  ,200
trescientos  ,300
cuatrocientos  ,400
quinientos  ,500
seiscientos  ,600
setecientos  ,700
ochocientos  ,800
novecientos  ,900
mil  ,1000
mil quinientos quince  ,1515
dos mil  ,2000
tres mil  ,3000
noventa y siete mil  ,97000
desierto,пустиня
pascua,Великден
el cobre,мед (метал)
la miel,мед
seco,сух
la sequía,суша
tempestad,буря
Quiero ver los pingüinos.,Искам да видя пингвините.
indio,"индианец, индиански  "
indígena,"местен жител, коренен народ  "
traer,"нося, принасям, донасям"
traigo  ,аз нося
traes  ,ти носиш
trae  ,тя /той носи
traemos  ,ние носим
traéis  ,вие носите
traen  ,те носят
atraer,привличам
atraigo  ,аз привличам
atraes  ,ти привличаш
atrae  ,тя/той привлича
atraemos  ,ние привличаме
atraéis  ,вие привличате
atraen  ,те привличат
las cataratas de Iguazú,водопадите Игуасу
la cascada,водопад
hace mucho calor,много топло
hace mucho frío,много студено
viento,вятър
fresco (fresquito),хладно
húmedo,влажно
la humedad,влага
estrés,много стрес
la arena,пясък
hot,горещ
todo el mundo,"всички, целият свят  "
mueble,"мебел, подвижен  "
la selva,джунгла
no importa,няма значение
la sopa de hoy,днешната супа
el rey,крал
la reina,кралица
el príncipe,принц
la princesa,принцеса
el principito,малкият принц
petróleo,нефт
agrícola,селскостопански
la riqueza,богатство
desesperado,"отчаян, отчаяно  "
analfabeto,неграмотен
costa,бряг
la imagen,изображение
la batalla,битка
la tortuga,костенурка
el amanecer,разсъмване
el atardecer,залез (привечер)
la salida del sol,изгрев на слънцето
la puesta del sol,залез на слънцето
un edificio grande,голяма сграда
gran persona,велик човек
gran actor,велик актьор
gran poeta,велик поет
"mucho, a, os, as","много, забележително  "
muy,много (за прилагателни и наречия)
mucho,много (за съществителни)
todavía,все още
el nadador/a,плувец/плувкиня
el nadar,плувам
el director de orquesta,диригент на оркестър
el tener + que + infinitivo,трябва да...
el tengo,аз имам
el tienes,ти имаш
el tiene,той/тя има
el tenemos,ние имаме
el tenéis,вие имате
el tienen,те имат
el delgado/a,слаб/а
el adelgazar,отслабвам
el gordo/a,дебел/а
el engordar,напълнявам
un poco más,малко повече
un poco menos,малко по-малко
el visitar,посещавам
el muchos lugares,много места
el lago,езеро
el nevar,сняг
el volcán,вулкан
el cerro,хълм
el llover,вали
el separar,разделям
el separación,разделение
el ayer,вчера
la igualdad,еднаквост
el enfadada,сърдит/сърдита
el travieso,палав
la frontera,граница
el húmedo,влажен
el seco,сух(когато няма пустиня )
el subir,качвам се
el necesitar,нуждая се
el pegar,удрям
el crecer,раствам
el bajar,спускам се
el obra,"работа, произведение"
el boleto,билет
el temblor,треперене
el semiárido,полусух
el árido,сух(когато има пустиня )
el necesidad,нужда
el escalera,стълбище
el árbol,дърво
el hoy en día,днес
el armónica,хармоника
el bacteria,бактерия
el tambor,тъпан
el asustarse,уплашвам се
el susto,страх
el cosa,нещо
el fantasma,призрак
la vainilla,ванилия
la toronja,грейпфрут
la capital,столица
el coma,кома (мед.състояние )
la coma,запетая
pobre ,беден
"rico,rica ",богат;вкусен за храна
molinos de viento,вятърна мелница
la palmera,палма
el oso,мечка
el elefante,слон
descendientes,наследници
cuando,когато
cuándo,кога- (с удрание )
La mariposa,пеперуда
el bosque,гора
ríos y lagos inmensos,големи реки и езера
la curiosidad,любопитство / любопитен факт
"curioso, -a",любопитен
fascinante,впечатляващ
nieves perpetuas,вечни снегове
cóndor perpetua,вечно насочение
la biodiversidad,биоразнообразие
la superficie,площ
patrimonio de la humanidad,наследство на човечеството
la condición,условие
la estatura,височина
el teleférico,лифт (закрит кабинков)
la cima,хълм
el pico,връх (това не птице)
¡Cierra el pico!,затвори си човката
el relámpago,светкавица
el trueno,гръмотевица
aunque,въпреки че
está nublado,облачно
llueve,вали дъжд
nieve,вали сняг
el zorro,енотовидно куче
hace sol,слънчево
"soleado, -a","слънчев, -а"
la península,полуостров
océano,океан
Océano Índico,Индийски океан
Océano Atlántico,Атлантически океан
Océano Pacífico,Тихи океан
la profundidad,дълбочина
profundo,дълбок
poco profundo,плитко (може да се каже и menos profundo)
"sabroso, -a","вкусен, -а"
verde,"зелен, -а"
"privado, -a","таен, -а"
"solitario, -a","самотен, -а"
"lejano, -a",далечен
la eterna,мъгла
el espejismo,мираж
"dorado, -a",златен
pez dorado,златна рибка
a menudo,често
andar,ходя
pagar,плащам
buscar,търся
necesitar,нуждая се
"tonto, -a","глупав, -а"
el techo,таван
el suelo,"под, повърхност"
descansar,почивам си
el descanso,почивка
cuidar,"грижа се, пазя се"
yo cuido,аз се грижа
tú cuidas,ти се грижиш
él/ella cuida,той/тя се грижи
nosotros/as cuidamos,ние се грижим
vosotros/as cuidáis,вие се грижите
ellos/as cuidan,те се грижат
¡Cuidado!,Внимавай!
dictar,продиктувам
yo dicto,аз диктувам
tú dictas,ти диктуваш
él/ella dicta,той/тя диктува
nosotros/as dictamos,ние диктуваме
vosotros/as dictáis,вие диктувате
ellos/as dictan,те диктуват
pensar,мисля
yo pienso,аз мисля
tú piensas,ти мислиш
él/ella piensa,той/тя мисли
nosotros/as pensamos,ние мислим
vosotros/as pensáis,вие мислите
ellos/as piensan,те мислят
yo pido,аз поръчвам
tú pides,ти поръчваш
él/ella pide,той/тя поръчва
nosotros/as pedimos,ние поръчваме
vosotros/as pedís,вие поръчвате
ellos/as piden,те поръчват
yo puedo,аз мога
tú puedes,ти можеш
él/ella puede,той/тя може
nosotros/as podemos,ние можем
vosotros/as podéis,вие можете
ellos/as pueden,те могат
él/ella quiere,той/тя иска
nosotros/as queremos,ние искаме
vosotros/as queréis,вие искате
ellos/as quieren,те искат
yo empiezo,аз започвам
tú empiezas,ти започваш
él/ella empieza,той/тя започва
nosotros/as empezamos,ние започваме
vosotros/as empezáis,вие започвате
ellos/as empiezan,те започват
preferir,предпочитам
yo prefiero,аз предпочитам
tú prefieres,ти предпочиташ
él/ella prefiere,той/тя предпочита
nosotros/as preferimos,ние предпочитаме
vosotros/as preferís,вие предпочитате
ellos/as prefieren,те предпочитат
sentir,"усещам, съчувствам"
yo siento,аз усещам
tú sientes,ти усещаш
él/ella siente,той/тя усеща
nosotros/as sentimos,ние усещаме
vosotros/as sentís,вие усещате
ellos/as sienten,те усещат
lo siento (mucho),Извинявам се (много)
durar,"продължавам, трая  "
yo duro,аз продължавам
tú duras,ти продължаваш
él/ella dura,той/тя продължава
nosotros/as duramos,ние продължаваме
vosotros/as duráis,вие продължавате
ellos/as duran,те продължават
despertarse,събуждам се
me despierto,аз се събуждам
te despiertas,ти се събуждаш
se despierta,той/тя се събужда
nosotros/as nos despertamos,ние се събуждаме
vosotros/as os despertáis,вие се събуждате
ellos/as se despiertan,те се събуждат
el despertador,будилник
elegir,избирам
yo elijo,аз избирам
tú eliges,ти избираш
él/ella elige,той/тя избира
nosotros/as elegimos,ние избираме
vosotros/as elegís,вие избирате
ellos/as eligen,те избират
la elección,избор
yo río,аз се смея
tú ríes,ти се смееш
él/ella ríe,той/тя се смее
nosotros/as reímos,ние се смеем
vosotros/as reís,вие се смеете
ellos/as ríen,те се смеят
reírse de,присмивам се на (reírse de alguien)
la risa,смях
la sonrisa,усмивка
sonreír,усмихвам се
yo sonrío,аз се усмихвам
tú sonríes,ти се усмихваш
él/ella sonríe,той/тя се усмихва
nosotros/as sonreímos,ние се усмихваме
vosotros/as sonreís,вие се усмихвате
ellos/as sonríen,те се усмихват
volar,летя
yo vuelo,аз летя
tú vuelas,ти летиш
él/ella vuela,той/тя лети
nosotros/as volamos,ние летим
vosotros/as voláis,вие летите
ellos/as vuelan,те летят
el vuelo,полет
me muero de consancio,умирам от умора
me muero de hambre,умирам от глад
el cigarrillo,цигара
el cigarro,пура
acostarse,лягам си
me acuesto,аз лягам
te acuestas,ти лягаш
se acuesta,той/тя ляга
nosotros/as nos acostamos,ние лягаме
vosotros/as os acostáis,вие лягате
ellos/as se acuestan,те лягат
traducir,превеждам
yo traduzco,аз превеждам
tú traduces,ти превеждаш
él/ella traduce,той/тя превежда
nosotros/as traducimos,ние превеждаме
vosotros/as traducís,вие превеждате
ellos/as traducen,те превеждат
conocer,познавам
yo conozco,аз познавам
tú conoces,ти познаваш
él/ella conoce,той/тя познава
nosotros/as conocemos,ние познаваме
vosotros/as conocéis,вие познавате
ellos/as conocen,те познават
yo parezco,аз изглеждам
tú pareces,ти изглеждаш
él/ella parece,той/тя изглежда
nosotros/as parecemos,ние изглеждаме
vosotros/as parecéis,вие изглеждате
ellos/as parecen,те изглеждат
me parece que,"струва ми се, че"
parecer un idiota,приличам на глупак
decir,казвам
yo digo,аз казвам
tú dices,ти казваш
él/ella dice,той/тя казва
nosotros/as decimos,ние казваме
vosotros/as decís,вие казвате
ellos/as dicen,те казват
venir,идвам
yo vengo,аз идвам
tú vienes,ти идваш
él/ella viene,той/тя идва
nosotros/as venimos,ние идваме
vosotros/as venís,вие идвате
ellos/as vienen,те идват
tener la razón,имам право
yo salgo mañana para París,заминавам утре за Париж
la camiseta,"тениска, фланелка"
la camisa,риза
la blusa,блуза
el jersey,пуловер
los pantalones,панталони
los vaqueros,дънки
la falda,пола
el vestido,рокля
el chándal,анцуг
el abrigo,палто
la bufanda,шал
los guantes,ръкавици
el traje,костюм
el cinturón,колан
la corbata,вратовръзка
los calcetines,чорапи
las medias,чорапогащник
el disfraz,костюм за карнавал
disfrazarse,маскирам се
los calzoncillos,мъжки гащи
el bóxer,боксерки
las bragas,дамски гащи
el sujetador,сутиен
la ropa interior,бельо
el gorro,зимна шапка
la gorra,шапка с козирка
el pañuelo,летен шал
la bata,халат
el pijama,пижама
el camisón,нощница
los zapatos,обувки
las botas,ботуши
las sandalias,сандали
las chanclas,джапанки
las zapatillas,спортни обувки (кецове/маратонки)
las pantuflas,домашни пантофи
las alpargatas,еспадрили
el botón,копче
la cremallera,цип
la toalla,кърпа за лице и за тяло
el biquini,бански от две части
el bañador,цял бански и мъжки бански
zapatos a crochet tejidos,плетени чорапи
comprar,купувам
yo compro,аз купувам
tú compras,ти купуваш
él/ella compra,той/тя купува
nosotros/as compramos,ние купуваме
vosotros/as compráis,вие купувате
ellos/as compran,те купуват
yo pago,аз плащам
tú pagas,ти плащаш
él/ella paga,той/тя плаща
nosotros/as pagamos,ние плащаме
vosotros/as pagáis,вие плащате
ellos/as pagan,те плащат
vestirse,обличам се
me visto,аз се обличам
te vistes,ти се обличаш
se viste,той/тя се облича
nosotros/as nos vestimos,ние се обличаме
vosotros/as os vestís,вие се обличате
ellos/as se visten,те се обличат
llevar,"нося (дрехи, бижута), взимам"
yo llevo,аз нося
tú llevas,ти носиш
él/ella lleva,той/тя носи
nosotros/as llevamos,ние носим
vosotros/as lleváis,вие носите
ellos/as llevan,те носят
suministrar,доставям
yo suministro,аз доставям
tú suministras,ти доставяш
él/ella suministra,той/тя доставя
nosotros/as suministramos,ние доставяме
vosotros/as suministráis,вие доставяте
ellos/as suministran,те доставят
desnudarse,събличам се гол
yo me desnudo,аз се събличам
tú te desnudas,ти се събличаш
él/ella se desnuda,той/тя се съблича
nosotros/as nos desnudamos,ние се събличаме
vosotros/as os desnudáis,вие се събличате
ellos/as se desnudan,те се събличат
"desnudo, -a",гол
quitar,"махам, свалям"
yo quito,аз махам
tú quitas,ти махаш
él/ella quita,той/тя маха
nosotros/as quitamos,ние махаме
vosotros/as quitáis,вие махате
ellos/as quitan,те махат
me quito el abrigo,свалям си палтото
"descalzo, -a","бос, боса"
descalzarse,събувам се
yo me descalzo,аз се събувам
tú te descalzas,ти се събуваш
él/ella se descalza,той/тя се събува
nosotros/as nos descalzamos,ние се събуваме
vosotros/as os descalzáis,вие се събувате
ellos/as se descalzan,те се събуват
quitarse,"събличам се, свалям дрехи"
yo me quito,аз се събличам
tú te quitas,ти се събличаш
él/ella se quita,той/тя се съблича
nosotros/as nos quitamos,ние се събличаме
vosotros/as os quitáis,вие се събличате
ellos/as se quitan,те се събличат
la cazadora,"яке (по-дебело, кожено или спортно)"
